x1,x2,x3,y
0.280766904408829,-0.6476496628448645,-0.19851244812762037,1.6292387023428099
-0.5354406248892591,0.2556667299367046,-0.08196874161811407,-0.9331950140952978
-0.02287277947495303,-1.0,0.9880326128532353,-6.843989651605403
-0.6414147635814975,1.0,-0.21738694331056196,5.060460758153807
-0.06102285235445537,0.3156010738352526,0.31630980118412455,0.12563356131325987
0.7187096447067509,0.46077763107708436,0.43984378770286114,2.6218438625096483
1.0,0.8335507058841207,-0.07281442441333863,8.95235517524976
0.15422565430768187,-0.5732814323559634,0.797346507415863,-0.08245685736985703
0.1559216457217263,-0.5908445511747413,-1.0,-7.7713069134218244
-0.7255956203971377,-0.6041105624025549,-0.057432903434228466,1.4582523594171393
-1.0,0.48690238130687535,-0.5850658859383624,1.7599436966474227
-1.0,-0.11003234130319228,0.0004495926562124719,-4.564997529358547
-0.27473192935626845,-0.9934219928138346,0.26870153558786747,3.3672852259151504
-0.08552203850835105,0.4895508535483115,-1.0,-3.8736671667108142
0.3328792382203858,0.08634933508607179,-0.6542879198998965,0.272135480887993
-0.27007433327022534,0.7201612682935705,0.028578976294038716,0.7774060353034847
0.7387534480299764,-0.7931756248119168,-0.30648263837690837,0.7535616933196815
0.8985870936632192,0.15239381410703423,0.2124630651564725,4.743722877018211
0.2853371436515555,0.3140567959733527,0.016140470743583935,1.6489281544650767
-0.12597037678740008,-0.42630959528370616,0.2412400367352434,1.0421432839832585
0.7926137292480833,0.2376467970506586,0.575361442376678,3.6678080696490225
1.0,0.47253636417266565,1.0,22.141722072254492
0.4676004117928976,-1.0,-0.0032209495304229563,1.0987773554819364
-0.9403268627937356,0.7930744311733204,1.0,9.575574589403104
-1.0,0.010697446316207726,1.0,3.0705430062547228
-0.47063108023845546,-0.5802242945829874,0.2965200697528856,0.11281257187675275
1.0,-1.0,-1.0,-29.331396676838622
-0.07143205608778547,-0.5159541802234291,0.9640427392228033,-0.5190697663834601
0.09271995339960726,-1.0,0.8595269755280743,-3.5745871776664457
0.05409375747679346,-0.706180083061964,0.3333943472199612,0.616519932340414
-0.9557394048028323,1.0,-0.10108218337533437,6.522038921650362
0.0610767665947749,0.1660775595098003,-1.0,-3.3026081393623192
-0.7128894172099514,-0.34768502805736223,0.2664712409934811,-0.1070619402356202
1.0,0.20927433473796064,-1.0,9.876744597198682
1.0,0.6635246294638186,-0.07843117598590998,7.373365433822401
0.47085388289402963,-0.2881985959429123,-0.9442159136036559,-2.48720334863714
0.1896898186742355,-1.0,0.4898572148770104,0.1751292727032568
-0.47696364661728774,-0.7898687574386642,-1.0,-5.763824792655471
0.6526090384988805,-1.0,-0.7394215490128946,-10.12641285843231
-0.10894117799626946,0.9689747481241768,-1.0,1.5901051768948251
0.15944098545601681,-0.8016927116653678,0.40841288011898125,1.5212685217345394
0.019172991300165032,-1.0,-1.0,-17.205801613012316
-0.6050349861934172,-1.0,0.8786706740799752,0.8404462733322027
0.4758882549458401,0.06397848084153801,-0.20388063193809125,1.1092009774173504
-0.997510098446482,-0.3793501311423082,1.0,6.991464564772301
-1.0,-1.0,0.019509245064440517,7.695188753454292
0.19336853984517588,0.5754701787317624,1.0,4.198142085607192
0.382777701909899,0.8763349708966948,1.0,8.609999962473255
0.1820155564146444,0.29725407244421165,0.5741526623439459,0.5699479253318728
-0.7725810423774218,1.0,-0.8098045575476291,3.069538819221188
-0.7093192238402148,0.31249449772004656,-0.02090585600871253,-1.963293401081533
1.0,0.1524083617622154,-1.0,9.557272850252085
-0.5520375728473008,1.0,-0.04808918634323556,5.427516700845471
0.0932776408537026,-0.1364944585302832,-0.9743823754529009,-3.373433514345839
-0.5936760218699635,1.0,-0.4867940016931831,5.3513584987078255
-0.9592511608742789,-0.7679479479100528,-0.8237760774283498,3.0730815482817535
0.3788778429405393,0.1550445999731811,1.0,0.6667136096353375
-1.0,-0.2343020095404036,0.7926219253068079,0.33779076409918357
0.7640307633355858,0.17663822232128634,-0.8404873224570186,1.2862442370699618
-0.7841663324976065,0.9159833177660548,-0.16931895149885734,1.424303195242458
-0.11498578215742072,-0.6904142365013946,1.0,-1.661499800450336
0.3149624571851666,-0.9201954336065321,0.0608453657915109,1.2757897716244153
-0.3924302993815767,-0.7094062700790478,-1.0,-5.994225914838777
0.36822065574234064,0.9020331944215128,1.0,8.20954478086779
-0.14598890894774952,-0.9884962630967085,0.05583788843004611,3.4990552057563806
-0.5085304684236516,0.9172554972745373,0.8416118556113612,6.36548074273877
0.2559551407837162,-0.4051002217428712,-0.07835978765407292,1.2258347537394856
-0.5028361750210035,-0.364202796280205,-0.030257411046523908,1.138395110154567
-0.6692413325681827,0.19441533265051625,0.12243467670028862,-2.613376627894725
-0.1563518388034999,-0.8152587078585882,0.061949688222754595,1.6701742506928716
1.0,-1.0,0.6994415402478342,-6.349788587707111
-0.7910815906295319,0.42864877637429544,0.6339158784211323,-2.3479111399431916
-0.5214860989880903,-0.18935940641815652,-0.42478525035810044,-0.06608281835791247
-1.0,-0.6489936396640599,-0.20689875184568263,0.8108805081465427
0.24325491996736526,0.2799811854299399,-0.1677595510495986,1.3773384397778565
-0.5516293925224653,-0.021850161323175854,-0.7199974830205278,0.6595070885817896
-1.0,-0.13256873558828763,-0.47350634815878445,-2.200831015771123
0.6496823665671823,0.362305424254848,-0.9166329382455229,0.6887991951980283
-0.6371338870737087,0.8954922762185569,0.585980549382354,1.5117600105073226
-0.3912594177091602,-0.46869854705199465,-1.0,-3.722536881366316
-0.11352288279997125,-1.0,0.9442881685360567,-4.364277760619947
-0.9281175636881378,-0.6084440037669954,0.837156940609322,5.353448783193029
0.17739586636614324,-0.22597437028179246,0.33346358173406565,0.04978005831550003
-0.2395589129526281,-0.14798046856476188,-0.37365936999378624,0.608999653475798
0.9086706701134721,0.22527062181020385,-0.33811073974676975,1.9476728639401721
0.8860505085391459,0.7397488075720795,0.8949051323308246,13.561454847620615
-0.5068357037841136,-0.8522818625685333,0.7186491226383223,1.3241212833880995
1.0,-0.6996959376571079,-0.5850230563759558,3.973600663537205
-0.2107464380670967,-0.09544672556717959,-0.7124586684347944,-0.0809857856160553
1.0,-0.6869860890999617,-0.07848321692799409,2.117336765234836
1.0,-1.0,-1.0,-29.6868208371453
0.36223684570202463,-0.7896295403637528,1.0,-3.6614408508663403
0.1560799554023653,-1.0,-0.29900058981405486,1.0037258101104447
0.09188125246978673,1.0,-0.7055273054771387,10.541145608609002
0.1165196845911316,0.7297231843053236,-0.7710336742910553,0.9778935037702385
0.3862371700880527,-0.7944132484936104,0.6790043207374428,0.7635778574329024
0.24805353179594314,0.9423339113759475,-1.0,1.1518821270883384
-1.0,-1.0,-0.2571631651856592,6.121794128038926
0.40821474297385607,-0.05437977579937692,-1.0,-3.388200973328758
0.17768211458052474,-0.42128590560422463,0.2874496195936729,1.7209829902732539
-0.5541399235777764,-0.8880960300344316,1.0,0.22665042531668236
-1.0,-0.35134650540429146,-1.0,7.175235563623439
0.3324203801965542,1.0,-0.02345509984297456,8.336816845141376
0.1822853911436082,-1.0,-0.34220068877919063,0.6606684693486078
0.04047095366821307,-1.0,0.8722747923409104,-3.3114901363951517
-1.0,1.0,1.0,17.505129374665877
1.0,1.0,-0.07335179466771291,14.930101143836104
-1.0,-0.344415204466213,1.0,6.035410542745066
-0.8585430936191965,-1.0,-0.1430616073863331,7.035970997567387
1.0,0.382340964263276,-0.5193238923916521,4.917000776524693
0.07246748558041305,0.9110584252071099,-0.5777396908510029,5.04956026903383
-0.584495031238992,-1.0,0.7983039362697208,1.9650538034534069
0.13322466351240125,1.0,0.19808700981697425,7.700168295806444
-0.2823778013422984,-0.468440298010121,-1.0,-3.3525406237805617
-0.11905491530244028,-0.7511567976216245,0.024676263761521877,1.5353239411059736
-0.9900191326870265,-0.2112102583386375,-0.5225794480889361,-1.8933107628457828
-0.6564149484110056,-1.0,-0.7334549051032047,-1.7727315294709598
-0.7343207572882822,-0.5790062906470581,-0.6505989163538068,1.3696512572695594
0.1643149338468921,0.2785072653380236,-1.0,-3.219575199445506
0.01946355650460463,0.03399054704344917,-0.10059294783392159,0.5538682997468306
0.49876251427934526,-1.0,0.5191894411052036,-0.7857378945153517
0.4253941624176443,0.6304000562268981,0.30325801680139985,1.5455040200896555
-0.19448266096782696,0.2594675046865573,1.0,1.8251805595937933
-0.33706631494659134,0.006932544856943723,-1.0,-2.5714832089530484
-0.3802183059423476,0.16308398793794399,0.10497394484011058,-1.4907343848897505
-0.7848739057111005,0.4813021365082366,-0.4310615148879542,-2.000256025039739
0.5404388457231319,-0.4381590080367075,-0.3304850176063734,0.7141734605515768
-0.7054606136840345,0.7386452770361926,1.0,8.593183915041347
-1.0,0.5091313110733757,0.7200329120490558,-3.319298064134193
-0.17939289679787507,1.0,0.8961704835563604,11.99307865063288
-0.121337707524096,0.11910178915505831,0.42808765476471566,0.04202792034977716
1.0,-0.08299796053499753,0.521909223709154,6.78588041091301
-1.0,-1.0,-0.11601659910680406,6.931694277263808
-0.32591482259269533,0.06251687536087047,0.8771548809908705,0.496501251854394
-0.23594317370005546,0.9747587918823819,0.12216664283286338,5.231306190263512
-0.8968456191638379,-0.7035478929255468,0.7142010399437915,5.153816291515262
-1.0,-1.0,0.7797839685354566,17.775360934884944
0.7013576871262523,-0.3532297641958886,1.0,-1.7189667998067124
-0.20473633066039154,0.25018386508538937,-1.0,-3.4360159464211115
0.5581799919435388,-0.09513191056052794,-1.0,-2.4551236172071995
0.6405672874103991,-0.06288987884218966,0.7353167759621342,1.5532927376683459
1.0,-0.3506302196813009,-0.4587625779145448,3.938217696431045
-0.28084998120503646,-1.0,-0.555187144616961,-1.1867208283833177
-0.3346380450061395,-0.3996568485649177,1.0,0.09231466584417444
-1.0,0.3742877959589457,1.0,3.751889262491967
-0.8989950911044664,1.0,-0.27113742805951,6.845428862530378
0.7167910290830994,-0.6294662218456164,0.041338850494766266,1.0024261703745219
-1.0,-0.5726795197577754,1.0,10.369603073537466
-0.02642977825105719,-1.0,0.8938750145354877,-3.6818578007410645
0.3167812677009052,-0.8182546262538719,1.0,-4.213967295523658
-0.7471400078464909,-1.0,-1.0,-6.676294524651573
-0.061953062098210276,0.49078042776070685,-0.6998124420898719,-0.36927633330308546
-0.3298313026207489,0.5659902165795758,0.12665221929175652,-0.305818601030988
0.518568803774667,0.15386863404094075,-0.6411822785147305,1.264233708186616
0.5999222971352116,0.5471978312319206,-0.2766958577041472,1.2114910682562612
0.18714851681071543,-0.20195384103304836,0.5526376142200906,0.7189975488125191
0.29406297023339256,-0.8650014005630182,-1.0,-12.625648533642865
-1.0,0.9451998591937432,0.9723287629616431,12.098493258797873
0.6771584753724147,-1.0,-0.4469218446805714,-3.9174769870196235
0.7417103367330851,-0.7662557366323051,0.44457201842108063,0.3916631595890824
-1.0,-1.0,-1.0,2.6539758491084826
1.0,-0.86629437430307,-0.43377940409428595,-1.0343111134749077
-0.31635488262983524,1.0,0.7615811374937618,9.327880747111704
0.5476532580402442,-0.11873462563637238,-1.0,-3.959019977245429
0.0528733952600553,-1.0,0.21098491215918447,2.0535704055172035
1.0,1.0,-0.2752913591641333,17.079586588508413
-0.9383492215337415,-1.0,-0.685462344776691,3.6391710054168747
1.0,0.928110346503173,0.7268141327613469,16.36040482681081
-0.33346878668933244,-0.5572352398249618,0.4174374744375553,-0.5337577598926427
0.2647099712366048,-0.8607823910018579,-0.8977628774110447,-6.520939794924771
0.26518453715079127,0.797310040148945,-0.5319279110604895,2.4620172070881092
1.0,-0.3811622335347673,0.3191906320752236,4.869228992582323
1.0,0.8259358533808694,1.0,26.808904003556453
0.4127557889211053,0.11696591052317884,0.49208716633429916,0.700789144709806
0.2881789963493375,0.3869245183168655,0.4887417183079754,0.537256609475272
-0.5641928021704627,-0.6747048052314724,1.0,2.4872065231323717
-0.8585385069411795,0.697790866206849,1.0,7.537921289288096
-0.5912858626490216,0.02840337771134105,0.0931014275920814,-0.5462659697497232
1.0,1.0,1.0,25.541891720422896
0.5302491583586277,-0.10080472569211296,-1.0,-2.920424938551311
0.8600780037433879,0.4651143072169188,-0.45389677452304533,2.393757024173653
-0.2022941782397576,0.42450095582163483,-0.22584826649117895,-0.3781987666521295
0.11984033436314312,0.3498276979417594,-0.12872652992052314,1.2693049863172305
0.9234961116512319,-0.043849681913672,-0.8555733042961791,4.1932422657646855
1.0,1.0,1.0,26.099127035848152
-0.8018075673512184,0.09485139735544945,-0.327185159204473,-1.756365651397551
0.037501277933924104,1.0,0.4098840761993219,7.793806829549226
0.0036698171602307372,-0.9154575940897118,-0.43715146932654103,1.1585935077637823
-0.6870391018894602,-0.7317996560697269,0.09055171474161017,2.2863793314935523
0.17898741853074918,-0.9247095284603102,0.08234359540224445,2.475797019631957
1.0,-1.0,-0.43823390574722154,-10.221034347446563
0.321016721726465,-0.9902633338235531,1.0,-7.361892358650598
1.0,-0.7542412801034346,1.0,0.9461344238953178
-0.9262580691868763,-0.26102413904129373,0.6236701163639149,-0.03802051098384451
0.2663942688016989,0.8975399664638897,-0.3080330119885488,4.410618326003925
-0.26942839139192265,0.8046238136553834,0.00758409390504311,1.0884280863922793
-0.25191906682080867,0.34958153766813016,-0.0920103708369926,-0.36163696869219564
1.0,-0.815373275201116,0.6951234552705803,1.2318286211935165
0.5226346618895685,0.09885238926001194,0.8470079543366158,0.08832597513878993
-0.11120678336861589,0.4672229182860568,0.0559337392966015,-0.16747813013405283
-0.536021859542317,-0.18993648915415462,0.9071386974737246,0.38758572774762023
1.0,0.3952083528442609,1.0,19.87748221249127
-1.0,-0.9668105061992602,0.5799103907936904,12.271278075197833
-0.6141724159063793,-0.7519202253962312,1.0,2.834604694091632
-1.0,0.922897870765911,-0.48082963708508575,8.680599142638494
-0.4764649679212054,-0.0004604209149794425,-1.0,-0.43264560948999087
-0.543351106001035,-0.31677074230613944,-0.4043303243240617,0.3295441405773283
-0.3072482608935736,-0.7375404214566152,-0.07287171020939831,2.815823036455884
0.1570388885933185,-0.25411377701242066,-0.8464081970825104,-0.6377836381856438
0.6019761090787716,0.808435631749115,-0.05038747341368266,2.411114555311351
0.6508431588569608,0.10865453422503113,-1.0,-2.1565231024790097
-1.0,0.8618258712134796,-1.0,20.481811001745054
1.0,1.0,0.7567781623153769,17.425789266425006
-1.0,-1.0,-0.5356790593633936,4.5862931494151296
0.6023304788994797,1.0,-0.0942172556907368,9.420990144300744
-0.9170491240552974,1.0,1.0,15.97332019078073
0.08004743431984629,-1.0,-0.43799122779384914,0.22499757450896085
-0.752971009673645,0.28533888857546974,0.7868929594709191,-0.32105374141958776
-0.6087800785927624,0.09909199107956024,-0.9820920004859974,0.11742974182130206
-0.023792821003008946,1.0,0.37840168600248525,8.040272131390669
1.0,-0.9133871494734558,-0.3073546367536548,-3.161587003049709
0.4522082593923853,0.3219672626318981,1.0,1.6341238276025047
-1.0,0.5118662148196758,0.422858803166001,-4.654390554935243
0.7182673628404166,-0.6494622098462022,0.6622095374929633,0.745757841510553
-0.4997476236454732,-0.20341428082382862,0.10017106444956081,0.014256527730414215
-1.0,-0.5085927502349568,0.4133406915728539,-0.06345136073373998
-0.15501248278220303,-0.4062401482988749,-1.0,-4.656991289173001
0.01659771304655644,0.874439865951566,-0.6121680082189203,3.0032965702223446
0.6116122829129289,-0.14312715206574533,0.6921531706538995,0.5789338988264884
1.0,-0.25258233942953323,0.32639129359800134,4.845576165627882
-0.01970575771890637,-0.35009391878873,-0.3322286988355896,0.9547047984151763
1.0,-1.0,0.15853180911385278,-7.7519665196939584
-0.8065023434498797,0.6083454325518785,0.03526289394823845,-2.990396201411793
-0.46386194041628936,-0.34971071964366174,-0.1731527066183245,0.22800786233778358
0.06696605102645004,0.4316539594415929,-0.8474401373218707,-0.4462658337853434
-0.8931935356220007,-0.5037199262908805,1.0,6.04410872047102
0.6799840037320337,-0.6072554461266215,0.10062980436213298,2.0624020306392765
0.2067475144990647,-1.0,-0.8906277111366567,-12.563746952675057
0.41237164832541406,-0.29265427289242174,0.24422988714251037,0.7597891278728748
-0.28436793733962085,-0.11943134738428784,0.9871067417626418,0.7330177902881216
0.6201461137761675,-1.0,0.040499334951828336,-0.5833644929851687
0.48030757167353344,0.7331309406034865,-0.11330295841822835,2.055090576279274
0.5552116899437389,-0.24331376782625824,0.32365673856825317,1.213976715667454
1.0,-0.0163060911004147,0.9765807492031682,11.470841770014696
-0.3033510483725015,1.0,1.0,15.048887900525678
-0.08035811518413771,-0.12496280736850185,-0.7141466092360631,0.31404139270909714
1.0,0.15768107257259478,-0.3665830534777368,5.84303816663603
-0.3299698213554567,-0.354735547652409,0.5082979722028096,0.24759521913703605
0.33820965114990154,0.20843942828738538,0.6098221028400024,1.078762608493362
0.5559971638161294,0.6764423918166365,-0.8920958293732191,-0.0022862276571650186
0.5217181137589053,0.28831793589989485,0.1849468442625941,1.5723998382838484
0.4435347185565288,-1.0,1.0,-7.356301479174772
1.0,0.2522502127289612,0.3476493378958456,5.683736259461529
0.2229625576017269,0.12086606156923252,1.0,-0.16516712816613838
-0.001359249468873891,0.23875572454506955,-0.4269317566741626,0.6233763305415027
0.053921221940910646,1.0,-1.0,3.926177440038201
0.004834275034142799,0.005093823093974548,0.20293892724533769,0.23067564572312504
-1.0,-0.6565669797727403,1.0,11.90286108053993
0.29744104400144145,-0.2222853626243464,0.13103772220023968,0.8727690561254768
-0.07306418843811535,-1.0,0.7682190370784283,-1.8882636245215685
1.0,-1.0,1.0,-10.183703487885293
0.7955700220601021,-0.3272274242070323,-0.5246129053391977,1.3097995306101162
-0.9400189893411,-0.2706445964214652,0.6237917685711685,-1.1223680375123042
-0.8762315646010637,-0.21782147845994038,0.8715450519615273,1.9878120088974436
0.2391391570853716,-0.02799120526877852,0.9795217220878585,-0.44021002645674623
0.31344878276454113,-0.31764983122409873,1.0,-1.9101096530285946
-1.0,1.0,0.8509945258704859,5.176437016236856
0.17254909002120566,0.6920314530108544,0.012842176100502867,0.5640078311200969
-0.892186038878195,0.2861036906990304,-0.06758953602615514,-3.536442387166881
-0.8636029203130815,0.35531765079839084,-0.2761012279247421,-2.2399043174152387
0.4372049726368008,0.07380239572689073,1.0,0.1139473711984712
-1.0,-0.3467610928228406,0.8408468366988224,2.0298215603364165
0.29878545704550596,0.14486253916561265,-0.11487157852802299,1.7907111021370195
1.0,-0.11192978588947056,-0.44835919740996033,4.883192370119263
0.24262502525356733,-0.0913647588585369,1.0,-0.9756255062129661
-0.7620555176872144,0.8683290860725554,0.999323392693986,12.52656653776549
0.34674108538491444,0.8892630242572026,-0.7808670319573188,4.922360756281396
0.371285446922059,1.0,-1.0,6.397835813105965
0.8088305099213555,0.43400737000859513,-0.49082048162271197,2.7739524796376402
-0.5183095616783204,-0.573383593030649,-0.10740343332393976,1.6408798891513345
0.8456795805045068,0.5413614762042422,0.8970533659644062,10.439362064834391
0.7186205623244224,1.0,0.06221893426337566,8.560627489959879
-0.5325161969895522,-0.8157557383752125,-1.0,-6.154325861305069
1.0,0.32916501537037934,1.0,18.56015088069686
-0.5372120508023905,1.0,-0.07648024366347284,5.5431718522560995
0.2872545880756816,-1.0,0.07707051881121774,1.6352697769668598
0.6796657503268444,-1.0,0.12577961522833592,-1.668761249794851
0.1477027992978217,0.4776956314309626,0.5949519662852205,0.6664109263836899
-1.0,-0.050497917593641306,0.1586716707428557,-3.74995571242368
-1.0,0.16611037836900433,0.503246019735242,-5.131312662567083
1.0,0.7488087844860378,0.35658331320544545,9.780698031507002
0.40032074001591633,-0.057088186851647515,1.0,-1.1281854114631193
-1.0,-0.7566780278347014,-0.40917102318549037,2.8675876876150155
0.6179754577684773,-0.31172799374641746,-1.0,-4.379352650106165
-0.738063184741649,-0.8760870169385928,0.4602626241140264,3.974297935813623
-0.8378050664317576,-1.0,-0.9591144076858311,-1.4923116019805176
0.6269703964123341,-0.28051218083066853,-0.3129226231438331,1.5152376866463637
0.02136580293381285,0.15068833949481975,-0.012364195814751122,1.275602685326937
-0.3803626727649174,-0.37699155169836374,1.0,0.13091996430086678
-0.4038596689933738,1.0,0.4080857188832625,6.523339626698387
0.27278361653618366,-0.3551886822343979,-0.4663730733999705,1.2297959826182319
0.5717896049028024,-0.10402396681352077,-0.3672605899322807,1.8451319922608513
-0.7039921812293097,0.1236643531481918,-1.0,3.238372894039902
0.601801657162429,-1.0,-0.16333561137951502,-1.5353678831824922
0.05559133793773774,-1.0,-0.0764204124643264,2.0434389932474506
-1.0,-0.027203335027740083,-0.32482811314706983,-3.6133864212723417
0.054997341729424054,-0.8836425550375226,-0.3049317189948906,1.5353258038219688
-0.8009153999544323,1.0,-0.7256138540679957,3.4592069309715208
0.16990791480223533,-0.5065871101340027,-0.49624196513422825,0.8772906604648525
0.4935653788561627,0.17255437931362838,0.7557495788201929,1.4302136357225697
-0.25542689786268946,-0.4764272276457058,-0.15779792687995142,1.675837424970223
1.0,-0.16080756109215688,-0.6835189139709255,6.247765300094909
-1.0,0.15359445610848255,-1.0,13.502591729739736
-0.6989447237639943,0.4725338509101167,-1.0,1.3422250490379666
0.5149079439802393,0.8572698725097634,0.6029556809863099,4.884659828162458
1.0,-0.04290941073185839,0.8611583018660285,9.689474997402288
-0.8024466398952383,1.0,0.41089479719968747,2.3567004906816504
-0.468399516593911,0.863751653912656,0.8165185510169786,4.83418042547235
-0.5859332450915595,0.05463149860634786,-0.7921479324810627,1.189097225837232
0.57560776498996,-1.0,-0.9115444831109143,-16.909868249925953
-0.21936872216955616,0.19077325769662634,-0.6099523545824916,-0.12010901544636705
-0.6794306404745649,-0.7856474768207524,0.5974416191791332,2.5009837437166826
-0.9950531804607652,0.05785073419129794,-1.0,11.999069661863981
0.6336095927902823,-0.26934597578305164,1.0,-1.7773634813573183
0.08653615174439033,-0.5277435805307811,-0.9236630264095758,-2.6709185570655616
-1.0,-0.2168518865506186,0.4941874270028608,-3.6546623516777172
-0.4387664646440701,0.29186742579924196,-0.8595074770532698,-0.65703834976743
-0.609153284420302,-0.8711052094615042,0.20418284327349046,2.6239386146989627
-0.4208161753579307,1.0,0.14870015988031993,4.955851827600666
-1.0,-1.0,0.15305464774678046,9.188452160934405
0.12607785086857026,-0.307344318522937,0.1691110189521594,0.6784913942346313
0.22125066469784027,-0.7453567656377502,0.15342307667562372,1.7229124275034429
-0.6634913811345458,1.0,0.07310287334845933,4.755184399917348
0.8930064501112849,-1.0,0.6902748407893806,-5.1666942293036655
0.09951366068145706,0.09786599584263844,-0.2911023356375544,1.606383834730604
-1.0,1.0,0.5336678405635971,1.7640387470951373
0.6290474676101059,0.3443435043648002,0.9958624878921305,3.122224367132917
-0.38904215989811686,-0.034617049637100994,0.8603329588298929,0.27095203074898716
-1.0,-0.0748919160916548,-0.49248414434541843,-2.2695752874169717
1.0,0.06055044237693652,-0.653036400318648,5.4693788208891885
-0.12774066457528677,-0.6666250297334055,0.5877185802952762,0.31260351010433896
0.9719669744427104,0.06796834961255827,-1.0,7.713469905948561
-0.10184436417302023,-0.2791499297692337,0.9092991673960298,-1.5122004242612843
0.42286004167272306,-1.0,-0.01381143529344886,0.8240433139170876
-1.0,0.607834241546491,0.27231921376811896,-2.873125544469739
0.9804887913151037,0.7934941493583001,0.5347561427060852,11.042016897374998
-0.8772476797684192,-0.4771510575418647,-0.10541566423195059,0.821253248415311
0.9707023588524346,0.02595025763272174,1.0,11.323729333860214
0.3170622590686083,-0.2015322968463047,0.35146958418465246,0.6754067226835394
-0.17465253831508765,-1.0,-1.0,-16.13987076773137
-0.15394196802577875,-1.0,-0.7762013685729574,-5.398011506562412
-0.04103162524624282,-0.11236736327004637,0.4629033946987089,-0.03930137448876109
1.0,-0.11122494155024443,-0.8841441593118051,8.047030820589146
-0.5899419146875757,-0.28364212565788893,0.650735947203803,0.4643306713572495
-0.8551854908881762,1.0,0.854896631897581,5.901843192796072
-0.7747062604639094,0.03467144166377323,0.274461539670698,-1.9552727910617522
0.21723714393482862,-1.0,1.0,-7.311200523511809
-1.0,-0.16609691292282913,0.8546896590503501,0.38767760516151406
1.0,0.014430470059746847,-0.9134638210951163,8.602645365070927
1.0,1.0,-0.1711871620490415,15.3130616051976
-0.2711960735037626,0.4262096551138539,-0.2986343337709554,0.5681957446631087
-0.6055746374616942,-0.5995540874575136,-0.10672545011935708,0.4933218741292551
-0.23293434840634375,0.08773144644984754,-1.0,-3.7342851132120094
0.22772741541290542,0.1598301221754157,0.29699580642272316,1.6362296401714793
-0.7738316705229382,-1.0,-0.0980329502633892,6.364531455949439
0.3821657393596243,0.06175972484347003,0.16681587263666042,1.2285438307880376
-1.0,0.5060147402321793,0.5345770506868452,-4.645769246320779
0.7828102497216538,0.8751843180168211,0.0736190688350784,5.577325163403232
-0.5119879828971985,-1.0,-0.9057530510267129,-7.8785653521213
-0.33352935811984974,1.0,0.49212282121930473,8.345526024588407
0.6613218103299083,1.0,-0.97073124018176,11.312566797203548
-0.38588584206468957,-1.0,0.05908501374926578,3.419036474520416
-1.0,0.8880047869176082,-1.0,19.89844611634193
-1.0,-1.0,-0.6927706446664639,4.029743994722849
0.30007338361389513,1.0,-0.4848717086670338,10.850195532405102
-0.11285431653357647,-0.8882723655950504,-1.0,-10.934377804309984
-0.12114120222431501,-0.70960134004478,0.047316813049917084,1.4146591624408293
-0.3225055596989177,0.057872424583993665,-1.0,-2.341976112442139
1.0,0.37203321819440904,-0.6772638923207455,6.4044929215747715
-1.0,-0.91755694044484,0.8260476328467834,15.673523868341071
-1.0,0.0397782663281907,-0.9668976162545639,9.39134753964606
-0.24183120489875387,0.22485265756356498,0.006581573272051999,-0.3670703653361499
-0.09486011356334023,-0.8005540722562647,-0.2143568677191956,1.9131305569725219
0.664174450196986,-0.7938796908784116,-0.5853085534925271,-1.0351753524729832
1.0,0.12676694681235734,-1.0,9.47315899136269
-0.45450862835285855,-1.0,-0.810157688721409,-5.5866652715468526
-0.6248861557168008,-0.6441055421612405,1.0,1.8798354061893299
-0.815914157495345,0.0026627279891100475,0.923946699746252,1.4776023171053851
-0.4969632731049307,1.0,0.29199336826522715,5.776343051676084
0.5914919838465655,-0.0640506344072278,0.5495068394873974,2.1110896039648566
-0.8525588827218846,-0.11736983179197713,-1.0,6.1214414333256295
0.07790512076038891,-0.2279778939939845,0.2306931948086064,0.7386076609820725
-0.3442890966218515,0.2766814014465664,0.6552710805173012,-0.6473934714008347
0.23859706641412015,-1.0,-1.0,-19.941206374857796
-0.11755124183378562,0.06488699426154487,-0.04369280522695185,0.6766534434848577
0.7462329099047456,-0.30894682110401206,-0.1843136472001723,1.4972140508878216
-0.7089294417841931,0.191489379940881,-1.0,2.4080738120350227
0.4212243512354279,-0.7732652543217924,0.0519287150010701,0.6982574428540125
-0.8846649394705577,-0.041911863645560876,-0.6212433184628512,-0.06806586613953655
1.0,0.33142434351228967,0.7796491921466309,12.185905849671157
1.0,-0.8068223516154578,0.20628854060236868,1.0650881129442764
0.5235169854978223,-0.406050453734742,0.2986830222973529,1.0359916967325133
-1.0,0.9186726993557435,-1.0,20.686911762430423
-0.8818540246401023,-1.0,-0.6812586422661364,2.216114688660852
0.22896028333828222,0.022415705406276798,0.7097557374828409,0.17703581144806677
-1.0,-1.0,0.684967348090401,15.01201119096536
0.6778703969396924,0.44469914685150336,-1.0,-1.1453331693608464
0.4019967544244485,-0.9715025419258765,0.9725107579258381,-5.60580462659611
-0.6183550803077802,0.26775144626906777,-0.11892652235071877,-1.0312332308103542
0.1632068949531913,-0.18204129294119586,1.0,-1.9154676060980216
1.0,1.0,-0.9713490492416972,37.62508238189828
-1.0,-0.8728114866263523,0.24633219249272797,6.371785142675224
-0.48061091706183245,0.06565882065148565,0.3636407202873162,-1.3550077447921327
0.0414943356034585,-0.07844779054126705,0.4331245308479732,1.149782181107484
-1.0,0.7351377751621544,-0.10171205651819437,0.5045205590223205
0.2092125653405026,-0.5005932921034064,0.46811290826347385,1.1056103678855829
-0.1531796786328905,1.0,-0.687345106928885,8.848151419383736
1.0,1.0,-0.4732548198060096,20.474785110009947
0.600456583617111,-0.09834210426036649,-1.0,-2.4582058971944405
-0.9510579754919364,1.0,0.10944672450362036,6.042487077891646
0.5848653997529385,0.23566212267901387,-0.09188210177774137,1.3663350543862398
0.37411894600382656,0.16042936382492057,-0.6828328292836519,0.6013752134193917
1.0,-0.5789009869298307,0.03289915054459347,2.7960850759020803
0.009755341631837,0.014423101461477517,0.4658318295175745,0.2640780951757613
-1.0,-0.6470085789322102,-0.04544924815078244,0.3342148940623766
1.0,-0.018754382584295293,0.17239271149670832,5.003971395830413
1.0,-0.05356335264207135,-0.27165530082164535,3.8572913865762946
-1.0,0.6303930787308467,0.4716887944860715,-4.3801225038422755
0.3077388789826998,-0.5041956344520648,0.2528904272635206,1.4378403597514575
1.0,0.5177669252443378,1.0,22.81434065717357
0.1755533385341741,0.9060979877910795,0.24833424911144975,3.8037225174957223
-0.13458846993936935,0.8203211381193374,0.27429508868507035,2.0178271977951305
-0.22565525066277003,-0.5661185237373418,-0.6472958402494629,0.2285316065837939
-1.0,-0.02293158686130048,0.2076929048993339,-4.389913353517091
-1.0,0.8940951720306829,0.907266821965397,6.165546481623581
-0.9501753413303433,-0.24626469498828896,0.6609852924473649,-0.5459416543053788
-0.3039410614430327,-0.4301362808339,0.004610326125991326,0.22142031115195782
-0.2846492363482731,-0.3933440578923728,-1.0,-5.036207217526011
0.48764758991385215,1.0,-0.954482440391017,8.429854700149635
0.6044766671492112,-0.8434990441922137,1.0,-4.354967972875828
0.730936626222533,0.1476516881569392,0.5711833878481114,2.8180932439630992
-0.14171992367301445,1.0,-1.0,2.8870723017158815
1.0,1.0,-0.3932806848002157,17.85881909009784
0.8125313465517001,0.5009502967577033,0.23133864502336388,3.2108113631773816
-0.8375516344659593,-0.3568649047043573,-0.9518256152245776,4.138145311139921
-0.3413360279205875,-1.0,0.9387869430312052,-3.640014500896483
1.0,-0.5402116319984462,-0.19158163374533554,4.081139212201049
0.8916902517252763,-0.6508292012653412,-1.0,-6.015568376441872
0.4989177894840138,0.6971061138350829,-0.5291923193529946,1.497185402847663
-0.7802066222481583,-1.0,0.8374102182711849,7.016280522236946
0.40991900353511723,1.0,0.18288829518944238,8.451371598391757
0.01495176163359968,0.2422608725580031,-0.6440868379525313,0.3305910881009959
0.15020728336070976,-1.0,-1.0,-18.378328061311528
0.8800657319965937,-1.0,-1.0,-27.429681096927663
1.0,-0.012149838836954308,-0.06403944286716001,4.5902207322975155
-0.8182871041570154,0.7486067956782372,1.0,8.992375633345516
-0.42926688282520464,-1.0,0.6605287585429911,1.2759735649104464
1.0,-0.17387846631770953,-0.44649891058728297,4.66956426444445
0.31286014663263884,0.6269647035017634,0.5323032464072228,2.340384959070896
0.9870695564149046,1.0,-1.0,36.799200905446504
-0.5742535142766323,0.4674046214384764,1.0,3.870835433467364
1.0,-1.0,0.31497148188283086,-7.288930294410935
0.3810639621546501,0.755649003609216,-1.0,-2.9333525571974324
0.6336785747240801,0.27391861510179916,1.0,3.5627525718085162
0.6697370911086005,0.05295267379047508,-0.07038919268761812,2.4166304262430325
0.06852097872856766,1.0,0.14344410347495673,6.912724982500685
-0.2911260652012422,-0.3312341689696203,-0.671664126438946,0.04701465684941891
0.0666943127204529,0.73760901416219,1.0,5.788083085605899
0.8247521445085075,-1.0,0.2915820566248297,-3.522735255460551
-0.8984832945794872,-1.0,1.0,12.412200851656111
0.9292870942857494,-0.8171257085976951,0.6374331948755088,0.31789211869024675
0.3804035024193655,0.3039880832603943,-1.0,-3.698614074586883
-0.891102108567811,-1.0,-0.8906637012530845,0.9635858448407296
0.26938488750218537,1.0,0.650602421769938,8.277091533731197
1.0,-0.34736880463813424,0.38619022794142754,5.312589745744262
-0.6921487486616218,0.036597497383317634,-0.040044556123435715,-0.9652273350885772
-0.23491293440035466,-0.35496290778571216,0.9170438791599727,-0.53096146594895
-0.12353517402579528,1.0,-1.0,3.6257554115540556
1.0,0.2465035275331502,1.0,17.2466970874035
-1.0,0.8887325708663845,0.6288831881849792,-0.9509884895718619
-1.0,0.29998402087878673,0.51961199599284,-4.908405271293804
-0.7407284245039536,0.2521485014659992,1.0,2.999053829800203
-0.3838197936815144,0.9412723524592082,0.4889647902384171,4.821701695172319
-0.7345214385410188,0.5647586049758426,-0.8350181758877098,-0.19973169575832744
-1.0,0.22308675002073497,-0.4712708976044946,-0.7322477498748469
0.9857535195907312,0.3323968907587591,-0.13811098812893263,5.140000597650138
-0.8217141878684016,1.0,-0.8692846521506588,3.929151681039021
-0.767810032483236,0.45627474389743483,-0.557641872039697,-1.7598350917965193
-0.09640764440720306,0.7953233895232639,-0.28827577871548504,2.277222826081507
0.21789336459526631,0.461599411936644,0.5434463469211503,0.6207806018755726
-0.9757999670054163,-0.642825291621034,0.9836278647967998,10.45729657873198
0.331986597876498,0.7608379315704488,-0.7697814274066404,2.1886005783174767
-1.0,-0.00231511525798056,-0.8132130203044303,3.4905043219301692
0.9410040117722047,1.0,1.0,21.74944000915785
-1.0,-0.7775166334254737,-1.0,4.705581433920906
-0.8509197333934162,-0.39838391030849096,0.4731273202065669,0.22833294458331033
0.8018442173414171,-1.0,-0.4032290578213036,-5.425427331388173
-1.0,0.38831917777598757,0.6027858531659978,-5.023490220717798
-0.43811121044961565,0.5197374126917698,-1.0,-3.2745048707696274
-0.022291916545137402,-0.33733670366915014,-0.7135725455811675,0.5177155870140487
-0.33347392542769994,-0.18662189834387655,-0.23878911108695733,0.9064204339466407
0.7859982609987155,0.9925636478305302,-0.1920548074166606,9.384764596301821
0.04170750847311022,0.39815100319082686,0.7754299892493295,1.7675610604720597
-0.41974623068897055,-0.6959630729478385,-0.8988742466473729,-2.9930300969448562
-0.5328340478434628,0.3487503845543858,-0.410390055110597,-0.9320739524703628
0.3262960960345369,0.019790133817045863,-0.9013711010248979,-0.7664928480829725
-1.0,0.9098980923969975,0.539885920069505,-1.3228564772534113
-0.5888893305958576,-1.0,0.04699769038388624,4.2352482647175105
-1.0,0.03109052975599691,1.0,3.746122650471613
0.4668217258352225,-0.48842496696621773,0.35270387673208337,0.6426595065350806
-0.5417212038526888,0.5125905915571543,-0.6647627354406711,-1.6138039930469894
-0.24604501368032672,0.6401132341027584,1.0,5.885257865826107
-1.0,0.45404968075179974,-0.04948084253891727,-3.0913447561832137
-0.41310269247748077,0.11367946570900789,-0.4546482743524054,0.09572299506395915
1.0,0.12233276175120822,-0.03604241679734477,4.60071327958799
0.2365977398957455,-0.2547917176576253,0.011070628047508801,0.02883412351620196
0.19766990258809147,0.5599058103470171,-1.0,-3.434880709419728
-1.0,-0.28450312687828005,0.9794666160792971,4.904679501753603
0.11117107457381903,0.1426009245055735,-1.0,-3.1035946677696646
-0.5746970766796551,-0.1453648050444003,0.0900232079469141,-0.5849937126328034
0.023474145764770027,-0.46486678934354253,-0.17681858632172176,1.890402400183633
-1.0,0.7084308348555746,-1.0,19.256970374844673
0.9285169284230046,0.9616841451213642,0.6273128593854072,12.033147877104875
0.44275641361715357,-0.5690147917843054,1.0,-3.816648424173961
1.0,0.5918488932947701,0.6151801785743745,11.423265276811513
-0.16708765386324043,0.4461194945302991,0.6490801555007046,0.6126124229336489
0.48637894548922844,0.8411645882139085,-1.0,-1.5423528840066343
0.19072525464371792,-0.8369000967685711,-0.39140353002057937,1.6109512070438199
1.0,-0.7350108383959741,1.0,1.0165362059041207
-0.38900315237622296,-1.0,-0.5611684734054472,-0.7539571561224059
-0.10232679849308313,0.6317799125575112,0.24370846492233755,0.6128332544094905
0.20708051122433102,-0.2501238615694714,1.0,-2.2704615739694214
-1.0,0.25630686468055264,-0.5689164675662999,0.07678832164306967
-0.6597664002474248,0.535495821445886,0.12472048646757283,-2.0487242490119297
0.5828582443635033,-0.09813911425817867,1.0,-1.0239941859858324
-1.0,-0.9728304493589757,0.6676031995547,14.16465297886601
0.2703963445169335,0.4531262438428565,1.0,2.1984068407302533
0.2823277551509038,1.0,0.20475829267218493,6.711921684701249
0.6405268146100904,-1.0,-1.0,-24.055227819964344
0.14389772600021855,0.055578852224878794,1.0,0.20417773077185203
0.23597723085650824,1.0,0.11981444058023616,7.022150161729877
1.0,-1.0,1.0,-9.726462789176766
0.08002230970728541,-0.14415663187043992,1.0,-0.3462053439584802
0.5134468565281245,-0.1565944615056576,-0.4049355457024155,2.1521261855325564
-0.04228540510646539,1.0,-1.0,3.375288096793655
0.43516492388575645,0.1953120446543859,0.4487197193646315,1.2262751170775357
-0.42375944303417157,-0.26021664707413517,0.27466279912597646,-0.255498731476961
1.0,0.11065972789738199,0.06186720747513896,5.148608734959519
0.8627484861504064,-1.0,1.0,-8.308386657381552
0.5274516063788093,0.38613886446238244,1.0,2.7526586847754415
0.40343860853584634,-0.8824834909572914,-1.0,-13.67003722566001
-1.0,-1.0,-0.11305535878256356,7.935691961506347
0.8810854734688716,0.7887762945897321,0.26164913986439875,5.658038069836524
0.566652017553706,-0.974756271403808,0.7820909914504734,-1.7281142290373182
-0.8278341750859559,-0.892972762182408,0.30137518200051283,5.051225482083817
-0.6836998641153191,0.6755568194686512,-1.0,-0.9958327202720998
0.4019499003043352,0.24813808143812666,1.0,1.743380637975865
0.11132120874718177,1.0,0.3335455939854097,7.684454119429905
-0.08438177388021417,0.09665329273461487,-1.0,-2.691779345910728
0.28238865953237857,0.5896982545094045,1.0,4.416107975104552
-0.7124152894896869,-0.15053493488581626,-0.6176140435294519,0.6740950647106532
0.8022898726901251,-1.0,-0.5394396510000248,-7.2936981699878185
-1.0,0.9477305988937277,-1.0,20.75889681952782
0.5364443764908906,0.5159762045688603,0.22528847331489055,0.6542238826954524
-0.03886131944981419,-0.2542402409088411,0.40347560095154344,0.5905324715341218
-0.1535907383044759,-0.3234556374463178,1.0,-0.8144887509499905
0.3985151140163836,1.0,-0.305609972747803,8.930186052988585
1.0,-0.07623329783930055,-0.3129243207124772,4.439574712670358
1.0,-0.22472035240612698,0.3764407645748724,5.486176672325949
0.28832769816962434,0.25005743889651666,-0.37760420562820296,1.199052932654089
-0.7316632793297189,1.0,-1.0,1.547083175041302
0.9332087393449322,-0.25558494190546743,1.0,5.599463651204522
-0.4111197459780134,0.19700396087638183,0.46739944321047266,-0.9997767588813711
0.030263670940286813,0.744732649340643,0.2591638339566058,1.0551714689149154
0.6408435470659566,-0.43345794200083176,-0.30828065298995133,0.8950627200695299
-0.11500773856595536,-0.1498275184232074,0.02027066231222019,0.41906509786693574
-0.7744778527993266,-0.11864143835079255,-1.0,3.832946064625834
1.0,-0.08248286708194064,-0.5542573187673578,5.360936565951185
-0.840478624557667,0.7525323078637935,0.30776891412806884,-2.1242218257889434
0.10610042108277162,-0.10100565156599828,0.06643398225556152,1.0769876211833174
-0.553905967090996,-0.6333090379577422,-0.91055761040125,-0.9321547409712716
0.7495781204701246,0.7131405879960597,0.03322205308613846,2.389985819351943
-0.7931800952727337,0.8055349529359384,0.04348361911024967,-0.49576610473618266
0.5211905729769162,-0.8573559331418839,-0.16023538157190242,1.125259507110551
-1.0,-1.0,-1.0,2.956529953944803
-0.400826094145849,-0.793643702295302,-1.0,-7.042683847703499
1.0,-0.05151885777530496,1.0,10.889917764667565
0.22591965897463484,-0.3763949130722841,0.6351362895436596,-0.367408021121663
-0.7257811761296646,-0.5021365581474648,-1.0,1.653067012869861
-1.0,-0.35965799535537535,0.5854528170389139,-0.7694427522826421
-0.06734636355008217,-1.0,0.9633940632236269,-6.054401651767339
0.90906929258902,-1.0,0.7396197031779783,-4.807721573877214
0.7791289060329347,1.0,0.12567970459207167,8.809497884554624
1.0,0.5424162287800689,0.11884340074556698,7.390617674163057
0.033535219243927106,0.41073404108377454,-1.0,-2.448214901862209
1.0,-0.21566393969720687,-1.0,5.87303523857567
0.9482603303186361,-1.0,-0.4320497407603183,-8.85148688508736
0.4622616836469482,0.7082012197339638,-0.7329877191079262,0.42278536977373393
-0.46903950239144754,1.0,0.66728319260246,7.342686977697257
1.0,0.77233985448518,-0.1334156950607721,8.42148809492708
-0.9152888900482445,-0.0455913575680178,-0.22951803600098497,-2.5089278267766955
-0.7354303863626603,0.503607068096978,0.06979057084413953,-3.4950602576143206
0.11263797700415279,0.1421363258590309,0.3004974497584667,1.6901480984725494
-0.29667304439196895,0.6935665568602831,0.4461187492276506,0.5024864526802653
-0.9674125707469037,0.09550664616396354,0.4404431951873229,-3.375387180496779
-0.07554727002118744,0.17668868796508796,0.7755710336560329,-0.5555787736966454
0.5450793996009631,-1.0,0.17843715698130636,-0.34545974900197574
-0.07727924266252373,-1.0,-0.9841802641289721,-15.943674208339482
0.13290657962263808,0.6798205697401829,0.8040051197025639,3.0737779772271945
-0.7014787644796829,1.0,-0.5281700716181115,5.151540180598619
0.8196477699842994,1.0,-0.6223688275293482,15.014822644524859
-0.8042082510114528,-0.2135384148924071,0.17105924032096476,-0.6052184019790858
-0.42837329431661053,-1.0,0.06440733806358123,3.201565118265504
0.9491423176981151,-0.5257629397822636,-1.0,-0.9112438476664048
0.8099674108273547,0.23117833475911231,0.975255081467743,6.355199887325386
0.2367733141045958,-1.0,-0.21254851213348425,1.6017539453774001
-0.11123797367233323,-1.0,0.6200375952545638,0.27630589732745314
0.00867428481154997,0.0019481144610502543,0.9399087336389915,-0.4274959774347542
-1.0,0.8919030213510486,1.0,14.705058914612152
-0.5307364235549556,0.8503542727306765,-0.32367941635457664,1.4217423257724395
-0.2575994809751969,1.0,0.0050115936629122615,7.325774069214379
-0.42478761423959943,-0.380995749559109,-0.7253947080779781,0.29394181481325243
-1.0,-0.3676215552347799,0.5629684204006538,-1.2599257643088977
0.6580932234730992,-1.0,-0.2902003290857029,-3.3336477389518624
-0.6665803983518768,-0.933764611729875,0.769619261616302,3.9798427691254528
1.0,-0.6499439368077391,0.2698545306824254,2.467171676117464
0.4885683523207156,0.12321805223299953,1.0,0.6566860570936097
1.0,0.09938340875767193,1.0,14.57974372716899
-1.0,-0.9336958448633483,0.32296579720747864,7.497402106413976
0.5646738754643938,0.6004157713332212,-0.705772714413182,0.881545447915076
-0.42374764474577087,-1.0,-0.49550291149130765,1.3340945041501135
0.28585957810379226,-0.5443000792692914,0.31666560311459735,-0.21223082124491022
-1.0,0.21055952389520116,-0.7798075603374739,3.6072119577119692
-0.7285169781479053,0.8115828337493916,0.002004817945914672,-1.5339725576440748
0.13358562176224464,-1.0,1.0,-7.054383548030385
1.0,-1.0,1.0,-8.955245766646852
-0.12135748655738987,0.4494665572827379,0.017699700184009792,0.5476862571548102
-1.0,-0.9378623937076322,-0.6661934669969467,3.9842496675252277
-0.6033676213594283,0.5128952270904263,0.44622486924170857,-2.3834361778367916
1.0,1.0,-1.0,39.041092194621726
1.0,1.0,-0.31133301720506235,17.29079408735875
0.7051199061968438,0.5103747130326552,-0.4278821362173313,0.6316183841912666
0.26860652005867136,0.5195144650304793,0.9042413641849787,1.0678880334556278
-0.18810795143877823,-1.0,0.06089330766018408,3.011569629971162
-0.4642262520100209,-1.0,1.0,-4.21912726016721
-0.802147337133839,-0.08864692813666064,-0.23799977054931354,-1.078351026770377
1.0,-0.4321675545420378,0.20404179699220792,4.063905763247014
-0.9045711072439098,-0.42510004141094626,0.20539597054775993,-0.8236356838453198
0.5209358097919814,-1.0,-0.07776967122747624,-0.08533023544120985
-0.5596554274487324,-0.5014817769079722,0.6429154021622951,1.0307873598665827
0.7011531005462237,0.6642843041380742,0.5825841658700917,3.822060245508108
0.03946924997734036,1.0,-0.0008572118607725887,8.581471639026473
-0.15090041382212327,0.2692676827455791,-1.0,-3.1472980169993963
0.9496825039932699,0.9740057976709151,-1.0,27.12558197699491
-0.30913663097793687,0.2533976260683324,-1.0,-2.7775818373724945
-0.8959262444148757,-0.6538415963110533,1.0,7.828426602310135
0.1767170954846844,-1.0,-0.031409478150183245,2.0369998160636413
-0.6050948243451655,0.936071504248694,0.44073374171211444,2.1475446905282007
0.023330395575516416,-0.06760550778398478,0.49260474205906246,0.17602916249702444
-0.7501527156624186,1.0,0.14705384791901377,3.730710968688054
1.0,0.2230998329169136,1.0,16.059932107811726
-0.07548467319859187,-0.13496751149962427,-0.40156043834952415,1.2540381360983244
1.0,0.20435643261150926,1.0,15.646076065949195
0.32239295550446956,-0.28592386299221784,0.545885153392895,0.7474650952909064
0.38783517038234727,0.937888792870063,0.5494274498715959,5.283284362884414
0.12526811669950733,0.21477131276758787,0.44482676152567824,1.2446661778579307
0.03522750938889141,0.749959906533636,-0.27901266789232193,1.5794689702280535
-0.11189937046664356,-0.010182503828665368,-0.5250795836247537,1.109412074715492
-0.06395357812040814,-0.9619822559579532,-1.0,-14.390526718915682
-0.7327306130646243,0.03971627170495062,-0.07770082500205988,-2.1320763586175477
-1.0,0.8216634647118457,1.0,11.638933988908594
-1.0,-0.13795984704249276,-1.0,9.352486731970412
-0.9396469073507776,0.6793534966347126,0.609499778073209,-3.1667141310580695
0.0750983544994479,0.07829582088652343,-1.0,-3.3917009886448666
-0.3552119700588263,-0.28969028804230756,-0.16181724403951447,0.8825583711977615
-0.38978978206513126,-0.3690249353824142,0.3198380780183432,0.561121146369647
-1.0,-0.010518130256574665,-0.16272949781970536,-3.5409812582850826
-1.0,0.4042031626683389,-0.17154114727281655,-2.452585408535188
0.20251742745104417,-0.508404617408492,-0.06912701639351804,0.7750833185127763
0.4107477343228041,0.02872759940004066,-1.0,-3.2346404804906865
-0.8535076820570655,0.32305320530709003,-1.0,6.728149121074988
1.0,-0.19877113585236672,-1.0,5.592627786619012
-1.0,-0.39766345200720576,0.06019675438598715,-3.445467537917724
0.7395565381755469,-0.028157228920584698,0.0881060309096553,2.985417800325636
0.7457005410886604,0.8105239859346618,0.29160200512576173,3.525551504801811
0.9759693308038084,1.0,0.6938784040741703,15.741997246169
-0.18257548266327128,-0.40932581500371135,-0.8181835940741278,-0.5283315339857162
0.29708806359935225,-0.250352903165626,-1.0,-3.7711558893241777
-0.9082488183496509,0.8520215898596193,-0.9207792428632768,7.434056620998098
-0.13782919796337878,0.5180421530805206,-0.03357041878739042,0.4935738674071031
1.0,-1.0,-0.9542404193058704,-25.819162534936645
-0.6203403834231906,-0.51556083600594,0.16133800521878316,1.9048717612091688
0.6077132868588668,0.7600099498567456,1.0,7.824219202453022
1.0,0.6575894739290356,-0.6208881015697731,6.652773962686514
-0.5624164921878092,-0.5316235712250423,0.3580426043617344,0.7865514726798276
1.0,-0.8162527000065805,1.0,-0.3840463400246913
-0.04373037119165302,-1.0,-1.0,-16.36112262522374
-0.20122055019562346,1.0,-0.8452235282751672,6.129276484944193
-0.25080030238447004,0.4802585318082129,0.03505474039246126,-0.3713001969175843
1.0,-0.7716174756858878,-1.0,-6.053056806030031
-1.0,1.0,0.09038277666877681,6.357778428365999
-0.004350964194253626,-0.25259960991330654,-1.0,-2.9505041531531058
0.9598955642097788,0.43578815390354286,-0.7142584622221224,5.061554975842078
-0.9056493926108251,1.0,-0.018259074594484836,5.455708517452377
0.05276690249737892,1.0,0.22171962581969606,7.556524114493314
-0.7120627307095353,0.43982091079556285,-1.0,0.6919449287079357
-0.4725336194813887,-0.3357098996531567,-1.0,-2.473164151276972
0.11653129683882923,-1.0,-1.0,-18.488823943053898
0.09208185814288328,0.8229253080682377,-0.4180082600238446,2.792937837559827
0.22809447908590097,0.543444323574126,1.0,4.067082725380519
-0.19073610985210343,-1.0,-1.0,-15.312992137694737
1.0,0.590088306294744,-0.4546522566501494,5.87070386308774
-1.0,1.0,0.3044068905487858,3.208881891949307
0.4114171557959647,0.20193112473138952,-1.0,-3.3438765676916145
0.14594062030284283,-1.0,-0.44849673011442337,0.506079278334565
-0.19679562138776174,-0.07967734204372401,-0.048906397367718846,1.1330960977068993
0.48553832988465606,0.21698390427915903,-1.0,-1.8421039014070644
-0.06893632198023592,-0.41556608594415323,-0.5321549556903098,0.8770771487970832
-0.2879778999454372,0.1657006573186337,-0.6914394719588592,0.00593853158028626
1.0,-0.23900184438642746,-0.48297465373704385,4.7047209246555255
-0.4398642618266875,0.22850204203649072,1.0,1.8040902114280182
-0.31120640319255477,-0.2819256460592008,0.18183733587259243,0.2396246112606158
-0.5779511289463242,-0.5417054935076275,0.2227191732921312,0.31195119110173675
-0.26391154698682184,-0.33136728055249853,1.0,0.18140637156044448
-0.8970945150558272,0.32568788290914963,-1.0,8.962993365612466
0.8291285576192935,1.0,1.0,16.4212373165543
0.6912195801386711,0.9775135588662354,1.0,11.970789668801682
0.4789834362664831,-0.9010807379640777,-1.0,-15.157352672861387
-0.22294072576062285,-0.267360591285946,-0.09038908016904879,0.9194756801905506
-0.14122979252928913,1.0,-1.0,2.883194537636472
-1.0,-0.5385363819173223,-0.7146414654919859,0.38343998493574327
-0.3038390547946421,0.9331998427465682,-0.9762161288278672,-0.6144609968945361
-0.1094405718588276,-1.0,-1.0,-16.325578552875236
-0.616658175256698,1.0,-0.0013239344337592218,4.757515839067533
0.003309450223636823,1.0,-0.07405391932534,8.328294566285514
0.1648078986356456,0.030025888167326542,-0.634521063759274,0.6928870078987801
-1.0,-0.4376813590969266,-0.815034471781426,0.9716526763853098
0.3254786434358554,0.2923910125790794,-0.4272199755079473,0.9309765034606728
0.04133965452035193,-0.32167521043923486,-0.2097664143829745,1.0663723394143017
-0.5437815927436989,0.5287057122978978,-0.21618437783335454,-1.2449669892552988
0.28394518758234466,-0.6433743730430308,-0.6810372259055186,0.6314030350958834
1.0,0.20472575684140315,-0.8250246165250057,7.476806111846363
1.0,-0.2219806173743546,0.618277136671519,6.61522096368149
1.0,0.08390471419781398,-0.40212257336906343,4.283350336238538
0.9643475903184717,0.12367198821547754,1.0,13.49223405807811
0.6757292615583004,1.0,0.5784694742798147,7.651795408806039
-0.38167690782985164,-0.7241610886784684,-0.6436271109651963,-0.4839688527843134
0.8182941777702641,1.0,1.0,15.29438075459973
-0.3876940910123614,-0.5243181010226614,0.010122443245658808,1.2751072601400604
-0.5275678400653334,0.3766937691379464,0.07773111413913414,-1.8966268943823548
0.3358562275706003,-0.011924055426237201,-0.8863702032516452,-0.7990810405049084
-0.4466507281973251,0.01349012353085799,-0.9678400508352554,-1.1438430930520667
-0.10796738516843729,-0.6680909830394255,0.0014709284223504149,1.2609958452209606
1.0,1.0,-0.3495399872193894,17.467232653699696
1.0,0.13393647792836072,1.0,14.861342825741877
-0.5234976355286831,-0.651801614993508,0.6806788427837294,1.7812520843766024
-0.40743937061301216,-0.5813055608547621,-0.7049971135871687,0.04698096746821777
-0.4973962998656001,-0.47004619258837366,0.9598606399387879,0.8382251298581527
-0.3524176857862342,1.0,-1.0,1.4824786457186039
-0.6193706082362083,-1.0,0.20113968889651668,4.204828868323111
0.6264889591480909,0.2585967942892726,1.0,3.3791472990613984
0.4973356030222196,-1.0,0.8452501965294621,-3.2126019760344677
-1.0,0.06855933571670336,0.6558808509164469,-3.0218454074872816
0.15810406955329448,0.07164459065957685,1.0,-0.22584115178449882
0.12266392936746096,0.964537499512883,0.6331894828519358,7.194620338538666
0.21052200951811262,-0.5045325584457874,0.7542836310980352,-0.27638352659917625
-1.0,0.5004698838397033,-0.20608495771046376,-1.4001673051790602
-1.0,-1.0,-0.0019991827174625776,6.981283803522342
0.5267456901342211,-0.22687664051319856,0.5476400906851477,1.2975826937147346
1.0,0.9628677861252304,0.9118348993581962,22.44312651138458
-0.7586046234746762,1.0,-0.6584422675907726,3.342072101714267
-0.10986031155315557,-0.5242696669543541,0.8551067813604583,-1.0503699434768115
0.3321479305002919,0.007908313882521334,-0.9702852050046931,-2.6153436247432937
-1.0,0.5411351603039445,-1.0,18.24717516884854
1.0,-1.0,-0.03376829462957165,-8.500734443336764
-0.8027307267195685,-0.6137146737578707,-0.03123927305995511,1.9915853803181225
-0.8512662512554652,0.11575144485511335,0.10849504313491254,-2.966002034980326
0.585070512306523,-1.0,-0.9631967647547441,-21.050494155013016
-0.8709128081138098,0.1543730616044654,0.9218106290716237,1.1997728495612223
0.37613776729088566,-0.17775046051649812,-0.8021934276513583,-0.04542785778843872
0.07375621932633791,0.29410575101894376,-0.3106284493179914,0.8881529531409829
0.8711886379324707,0.62222425478462,-0.031184109037722063,3.844653190236718
-0.8950913759341674,1.0,0.3687973622519629,2.0933958021777297
-0.026025356136385014,-0.10321499736629147,0.18572619226339504,0.8167930722781718
-0.21502454131871707,-0.375844271607094,-0.05572474428420904,1.1245457918722273
-0.940288242030987,1.0,0.7554634844845247,3.151168067121875
0.15379148002875076,0.014966560413811614,0.11531539871080376,1.393199797298648
0.34372396536225214,-0.019378235668131127,0.038711054956621194,0.8481433762330401
-0.12623582531666244,-0.2751595144605006,0.8626100999455344,-0.39566485744306523
-1.0,-1.0,-0.4289152718568583,5.070214164808056
1.0,0.4841152994857796,0.5210629612134394,9.650294760378044
1.0,-0.1228112814617437,0.5003608453484667,5.676250124367502
0.054321740991268186,0.9731649818422774,0.6900570463655398,7.656429462338168
-1.0,-1.0,-1.0,3.6014750085397456
-1.0,-1.0,-0.22212029508907705,7.386836828650816
1.0,-0.0963125935461231,-0.9312851316680484,7.88193411201252
-0.0321105451777306,1.0,-1.0,4.218491471539896
0.20569821834781377,-1.0,-0.6730069859441339,-4.022092145599658
1.0,1.0,-0.45837870032358397,19.489949262546933
-0.4781214487645771,0.1869818254819391,-0.3361062933194441,-0.7628640648494487
-1.0,0.8279631004920229,0.44960774571176776,-1.687543107438194
-1.0,-0.2918835730166742,0.017884761788850234,-3.047720413741977
-1.0,-0.01330300857475808,0.047896954562453686,-4.636503105119715
-1.0,0.3395595305170862,0.9744169629672141,2.4724342102626826
0.21494641637566247,-0.35549059886419543,-0.8328629485326426,0.010465258924803988
0.1912187324301915,1.0,0.21909277099549485,6.909443118747452
-0.9649735071762484,-1.0,-0.1962801893539059,6.610786478707646
-0.054793768492182204,0.8263287529206793,-0.2832420448331554,1.9985976728138382
-1.0,0.5806815407371033,0.8193219173632389,-1.7199916409801252
0.5741779597451375,0.6227408119616928,0.5052474760909176,2.188855112876343
0.22126915763006538,0.3966736759430518,1.0,2.3611064938607518
1.0,0.9889822786627422,0.27561495627142873,13.398355260859326
-0.9758162641395693,-0.5040201665099071,-1.0,5.496123298424105
1.0,0.048404552195033146,-0.3804217232859597,4.868958946735282
0.050748797511319665,1.0,-0.04012622144558464,8.735189710513737
-0.13518419662661807,-0.5602189563059541,0.6622929176178065,0.363696155188314
-0.6762453701076079,-0.4616039943980166,0.16415822092503496,0.46149196006851134
-0.38148810890464,-1.0,0.489763416148832,2.287281617608479
0.4986097781459362,-0.041853511685725264,-0.5295897647290146,1.0747100683262307
0.1421593303569324,-0.7784007133388502,1.0,-3.6807421584099793
0.08499329711521253,-1.0,-1.0,-17.365377442011724
0.4372590037342303,0.31634793273737305,-0.9398709724523389,-0.6737603513585442
-0.7793085016440797,1.0,0.46264808777261,2.3486766454194785
-0.7207382576330317,1.0,-0.35090715694020114,5.048113399839011
0.023913274377894256,-0.44836334156437907,-0.09715561798416661,1.4975295619911924
-0.6683329430280336,0.6846340432054936,-0.015622096996068091,-2.509722860404239
-0.04316428636187575,-0.22442424274754802,0.2881327608025901,0.1686525233027107
-0.45245697808351615,-0.45640350042760414,-0.08654038244651518,1.0112498943345263
-0.4990629169971408,-1.0,-1.0,-11.480884925764508
-1.0,-0.2127260097830017,-0.14518827792460032,-3.518391573929666
1.0,0.059659120699099066,0.4698747123196185,7.18321236009879
1.0,0.575505554164863,1.0,23.780898802253667
0.7581305191241505,0.02666709506532583,0.6725597404810979,3.352004722901031
0.49056336799538314,-0.08559485459214944,0.28432587080734106,1.404981138904268
-0.705427108644239,0.06449421023996083,0.5850272992133725,-1.1489149135555807
1.0,0.45594451589516805,-1.0,12.283577726352028
-0.1309710424278221,-0.25610259657033874,-0.9486952786367455,-2.2967970474006965
0.05802813969892684,0.28864439229746264,-0.6719330891551414,0.6107484769484011
-1.0,-0.45940290039926257,1.0,7.49042819447204
0.5159420813061417,0.5275763676168796,-0.13624445026350163,0.7585856720195814
-0.15614284175640347,1.0,1.0,13.334382272287032
0.5865976351780497,-1.0,1.0,-6.768058601503184
1.0,-0.12151098916787961,0.394418661014188,5.360680284861489
-1.0,-0.230622249488162,-0.22887618289070089,-3.5845816102528274
-0.5446920101845216,-0.8752135954774138,-0.33050727256474555,3.0686113002440942
-0.3207387058034543,1.0,0.5140220740962227,7.3896457774636275
1.0,0.48417196400432716,-0.03719134457800699,6.0526167027175966
0.6661879780959801,-0.19049297558965206,0.771732657268599,1.4879133409849945
-0.7408988644663788,0.6882214173507673,-0.24773635157863239,-1.5487725694082006
0.8640397933920076,0.5790266023538386,0.28793949593696033,4.531797450058754
0.07885912753793134,0.5067970120747269,-0.5069160060149078,0.09546397180609639
-0.6533183559550271,1.0,1.0,16.082594041098233
-0.015466431572300543,0.68863145507652,1.0,6.733665662031905
-0.07364891742587476,-0.309423498702857,-0.21786886222935054,0.9752060206992846
0.6768090776717466,0.13317556317878787,0.24104534722319637,2.5534897040324083
0.1050841124382178,-0.7548436791528013,0.6638842715587023,0.09975174228469913
-1.0,0.40338564156839163,-0.27043268725189873,-2.927065734710266
-1.0,-1.0,-0.03625782805873601,6.730369445175829
-0.06986911694128395,-1.0,-0.7532416615105875,-5.435218337441786
-0.17807546556458176,-0.09483721937651901,-1.0,-3.296633169294712
-0.3479288260463469,0.32334615591543847,-1.0,-3.2397037424967987
-0.5662535064776058,0.36061382210517823,-1.0,-0.9466929770771944
-1.0,0.31536078232938336,0.9959197184509314,3.825142051158536
-0.8342084835236114,1.0,-0.01772118852664817,4.179624625769377
-0.12667665338460377,1.0,0.0041605383237139915,7.011633082005906
0.049596856823233226,-0.9573559285943938,1.0,-5.525983224390793
0.09623388399005872,0.06434589804959079,-0.048557217198137215,0.8834336285055999
-0.11391945343192011,-0.17515487618616143,0.09145768050821124,0.7468085414773438
0.6951614924669418,-0.3776377874049657,-1.0,-4.236215364452485
-0.057684230268482795,-0.4512006284668506,-0.11172213922082985,0.8031178439016569
-0.1864660550067303,0.02156776635636226,-0.5743000255354416,0.5987471764787862
0.12719854395466124,-0.5979319077279448,-0.8298838701792626,-1.8316502509419288
0.29334926955272955,-0.4607645899993431,0.6705325260504031,0.24186186339154
0.5139117459441562,-0.5891319381397984,-0.17621076116237178,1.60245279477243
0.059658301782935075,-0.7333367106330613,-0.3279112918283189,1.482494080456808
1.0,0.5841829547489483,-1.0,13.821940390548308
0.5541708466959347,-0.040539528607551834,0.5731774747106013,0.50761404311118
0.0903564302642259,0.3462203826498478,-0.48492099690527946,0.7561248335757714
1.0,-0.37685049935722836,-1.0,3.2254842292162382
-0.3624979786686098,0.8310708176789621,-0.6059839226666788,1.1159014995009149
0.2803438713418571,0.29704919500514926,-0.03372051700295242,0.6787924453449272
0.13661266691865737,0.5299221784189405,-0.19164793457650697,0.7572279492304362
0.35973194454187385,-1.0,0.5848463366828638,-0.45370476786514136
-0.34422659378234166,-0.433114831360661,-0.8445236068228821,-0.871506953687667
-0.5826098870264034,-1.0,0.18216603725165048,3.9775278927618536
-0.09497791482866358,-0.3283553323760686,0.1899306807678205,1.5082000695018651
-0.8111141205562673,-0.3535088067118608,-0.6265427472647833,0.6641305410558147
0.9909353364737685,-0.1686971701339106,-0.2270758483131674,3.3745263804060546
0.7642887223173405,-0.8053579163419227,0.7339918525909925,-0.4831730579474427
-0.01119829680726192,0.7123513118716496,-1.0,-4.615719259920056
-0.1759165056241312,0.0006852033596806972,-0.7237250415510985,0.20715349508996223
0.7517157215496466,-0.6394799070214456,-0.7452961171684847,-0.4380144774944625
-0.09942134908674083,0.28719916987453775,0.19237050178400605,-0.4686822861822591
0.24502083379886486,0.284132395881457,0.16834455310804386,0.9656793898935256
0.8019326919212877,0.1850734498388389,-0.8020422000083378,3.1009453786135137
-1.0,-0.08540152552059399,-0.08726395222065109,-3.825946371732076
1.0,1.0,0.7627963284957395,17.607502320521892
0.7316382683672482,-0.97419504495901,0.34547181681956984,-1.2037658754721192
-1.0,0.24959840503420438,0.2801454792180058,-5.533310333069414
-0.10902532209041849,1.0,-1.0,3.644570758524765
0.6970122354544834,1.0,-0.4355751008825892,11.160557498533027
-1.0,-0.023873737787316607,0.6943941812701988,-3.2786546605313847
0.007083920615593486,-0.8451945743896185,-1.0,-10.22023429149965
0.8346662123361888,-0.8841929180915187,-0.4521039853028639,-1.9024630755376852
-0.6902057285958407,-0.4108813544209404,1.0,2.2261647251131995
0.015631938825219294,1.0,1.0,11.865347208632176
0.23428078135051078,0.7727356780080417,0.4619986410564727,2.625031236760522
-1.0,-1.0,0.5318294315346055,12.444612412802714
0.040666917571112515,0.6617276647764121,1.0,5.023698242004326
0.1067260030917685,-0.43452502149050853,-0.11081830648583257,1.729462687408838
-0.29657288024746187,-1.0,0.7871348592786669,-1.1541934045882272
0.5926962791604788,1.0,0.3507251116971626,6.952905379130067
-0.25786012129336755,-0.5212071099204896,-0.025986734157505742,0.8295277389167866
-1.0,1.0,0.4897780863715906,2.046912460836927
-0.3170845447583446,-0.27695769282272265,-0.21171833248848837,-0.5819324103995994
-0.6531360689630197,-0.4658168910321716,0.8136227662812279,1.4567854037405052
1.0,0.4897978090904187,-0.14117025241944603,5.932038474293377
-1.0,1.0,-0.6115599801195832,12.822441697974899
0.6721298528951589,1.0,0.21999589181720602,7.552239072139537
-0.6716518166934502,0.9367964232205137,-1.0,-1.0260020943790276
-1.0,0.025227367914244736,1.0,4.231721179652207
0.9170044004693845,0.9097823424556752,0.9282268589596199,18.137315631480963
0.6757128197968589,0.16244096059848756,-0.4725041122377891,1.3559767842589632
0.5039514792435515,-0.2740594854538638,-0.3813132149097711,2.286319852751748
0.18714935622873274,-0.18012865435649572,0.011536483500697026,1.3920135299381309
-1.0,0.6518961680790096,0.35184570081657096,-3.1413875872815638
-0.36969223870238666,1.0,0.04308613550563445,6.226734249336982
0.6563985603180447,-0.49192637545826323,-1.0,-6.112334589285026
-1.0,-0.13819617332626577,0.3843242836644696,-4.191392390137154
-0.1662809201645734,-0.0709347179612374,0.12233716237259218,0.05506419657542899
1.0,1.0,-1.0,38.76068898240557
-0.6781200773170295,-0.8615681498477534,1.0,4.232438479985584
-0.2495836182904505,-0.36001031460659005,-0.7565781700080083,0.1620571133562801
0.5429656094040634,0.8639006378269298,1.0,7.169644672763032
0.5566797756318556,0.058453960908408265,0.9278090028105797,0.9869536202566408
0.5268681071958259,0.12059140806883639,0.8062242495201681,0.679230481266663
1.0,-0.749926898564033,0.37088230384453214,2.1758456665422443
1.0,-0.18750666457337783,-0.7658384663423359,6.274177741259437
1.0,0.19190159808919716,0.29601718415532097,5.921523170897777
0.5449256605181061,0.06429525868842245,1.0,0.17806817829654806
0.3353543561738985,-0.5366509821591081,0.9506751938524514,-2.330080351684783
-0.24873957134366065,0.67737471246755,-0.430160837666699,-0.16008950509462727
0.11741431760751064,-1.0,0.4156643257101196,-0.08553272648369514
1.0,1.0,-1.0,39.48544063164207
-0.06792279912141841,1.0,-0.5642677695223386,9.660352248862534
-0.6454711103298147,0.8829741811625464,-0.12255400961211138,1.4213458258628497
0.8278960840535343,0.9499727262860362,-0.21544957279051902,8.17125239291348
0.12750825388735154,0.12795193933163396,0.9877990375843089,0.1574484929413773
1.0,0.5887957498960292,-1.0,14.531649976743562
0.040682489053015525,1.0,0.6103874774707627,8.016365894107025
0.36704342829220105,0.2961325123147611,-1.0,-2.568979032886706
-0.19198155295308905,-0.23022830912920456,-0.894530871242629,-1.4039725358124886
0.07291951752086612,0.06100410681123192,-1.0,-3.3586584052135673
1.0,-0.3100979476694292,0.18853767127688426,5.165097652695311
-0.5434488222320346,0.9720582789936296,-0.043566391845575536,4.774062769150177
0.1062300677675343,-1.0,-0.8731054313439597,-10.604360575977404
-1.0,0.30934526898395087,0.6040028498865406,-3.907076712809703
-1.0,0.6073509899382956,-1.0,17.952268269835844
-0.6129197626058907,-0.9180002633281981,-1.0,-6.391482036301154
-0.23878044605797055,0.3178385589680903,0.5840621037200309,-0.882446056010682
1.0,0.3946903441665337,0.48285993303313335,8.89657398784799
-1.0,1.0,-0.44001256378673936,11.91330741123012
-0.8139528829563838,0.9601554378791568,-0.6389774837577493,2.856300671706262
0.21513936400536582,0.6621898028376467,-1.0,-3.4214851355830733
-0.37141684504730854,1.0,-0.12020263579730295,6.337296192630755
-0.5816541523900591,0.5890253149629283,-1.0,-2.810802565270671
0.7989385722037015,0.7837500331682268,-0.2457486118137686,3.764230366380053
0.949766498898386,0.16169721627842049,-0.3234671675352463,3.747829069255275
-0.23542021090620024,0.036020598261017556,-0.06487364626395098,-0.6914502907140283
-0.20737551431528511,-0.2293932701174617,-0.5687225927064303,0.513982674367875
0.19277178163090847,0.45265145790795236,1.0,3.247801030309764
-0.3681728895940797,0.40799984324321414,-0.9276892456880259,-2.448387882167714
-0.5263002750544181,0.005003657797869154,-0.6114122880849169,0.29268279812424036
0.4224180663838455,-0.05444991678565336,0.7935475128325378,-0.41752408906686606
0.9927288464747706,-0.2943895425802141,0.5450156211856843,5.8464067071585175
-0.9578574255392254,-0.09822382092703386,-1.0,9.542690387495881
-0.5659623833900476,1.0,0.4669764364560274,5.434022339615516
0.6215752057970838,1.0,0.32765384937955444,7.213688436230392
0.5634666853905135,-0.7417611032927625,-1.0,-10.483183029078333
-0.2189941472324488,0.436410262557811,-0.2623983624997117,-0.1706769151939321
-1.0,-0.6596039005405505,-0.6637602780586991,0.367564210551782
0.7189014679250176,-1.0,-0.6189210900109408,-7.452886950582152
-0.28051228373549786,-1.0,0.14130880794377054,2.9693568428172674
0.6959986305974661,0.987955907309892,0.5976397313491173,7.773316117859096
-0.21182560392825134,0.5877275529504733,0.6387953555824366,0.7740964614394265
-0.048079400353645996,0.2865458146701485,-0.35168246648726575,-0.043540445536559114
-1.0,-0.5730240556629984,-0.06597094532524861,0.08300857051044985
-0.8481658153776745,0.9775524191162472,-0.9429598633595353,4.972683381631173
-1.0,1.0,0.49253965550898804,1.3089904852415808
0.16646637075803983,0.18223364489406224,-0.5707342628084797,1.2245928126244334
0.1900582279388192,0.5210861949755141,-0.7806415933353528,0.19947205794045386
0.3924871540742245,0.20660442471048324,0.15279467694815296,0.8977490335617089
-0.45290755160336915,-0.9881848429535249,0.8265480161406065,0.16274292684666303
0.5777970712316394,-0.19050821796747686,0.26407083524931463,0.9603039201683082
-0.9886685354922262,-0.8319440603131578,-0.9011148784791878,3.3993039305104693
-0.9497134942405503,-0.06193176967814873,1.0,3.49896038023072
0.9267587862751272,-0.7669572423389985,0.8774427212813485,0.7022468651831417
-1.0,-0.5783913821619384,0.7571361668359426,4.862273980430439
-1.0,-0.3070612648333766,0.8695321027636986,2.066395137629908
0.9093045298945659,-0.5059344533229138,-0.3770905321964586,2.248129463217353
